,TP,FP,TN,FN,A,B,C,D,E,F,G,H,Precision,Fitness,F1,N,P,T
0,399,101,399,101,1,0,0,0,0,1,1,0,0.798,0.798,0.798,0.798,0.798,0.7980000000000002
1,349,125,375,151,0,0,0,0,1,1,0,0,0.7362869198312236,0.698,0.7166324435318275,0.7309941520467836,0.7166324435318275,0.7240711737709278
2,353,105,395,147,1,0,1,0,0,1,1,0,0.7707423580786026,0.706,0.7369519832985386,0.7581573896353168,0.7369519832985386,0.7481500254148854
3,262,217,283,238,0,0,1,0,1,1,0,0,0.5469728601252609,0.524,0.5352400408580184,0.5543584720861898,0.5352400408580184,0.5451675932205368
4,448,51,449,52,0,0,0,1,1,1,1,1,0.8977955911823647,0.896,0.896896896896897,0.897102897102897,0.896896896896897,0.8970000118272137
5,463,38,462,37,0,0,1,1,1,1,1,1,0.9241516966067864,0.926,0.9250749250749251,0.924924924924925,0.9250749250749251,0.9250000060810872
6,463,38,462,37,0,0,1,1,1,1,1,0,0.9241516966067864,0.926,0.9250749250749251,0.924924924924925,0.9250749250749251,0.9250000060810872
7,428,52,448,72,1,0,1,1,0,1,0,0,0.8916666666666667,0.856,0.873469387755102,0.8784313725490197,0.873469387755102,0.8760070238140919
8,448,51,449,52,0,0,0,1,1,1,1,0,0.8977955911823647,0.896,0.896896896896897,0.897102897102897,0.896896896896897,0.8970000118272137
9,439,60,440,61,1,0,0,1,0,1,0,0,0.8797595190380761,0.878,0.8788788788788789,0.8791208791208791,0.8788788788788789,0.8790000166564444
10,353,105,395,147,1,0,1,0,0,1,1,1,0.7707423580786026,0.706,0.7369519832985386,0.7581573896353168,0.7369519832985386,0.7481500254148854
11,399,101,399,101,1,0,0,0,0,1,1,1,0.798,0.798,0.798,0.798,0.798,0.7980000000000002
12,484,15,485,16,0,2,1,1,0,1,1,1,0.969939879759519,0.968,0.9689689689689689,0.969030969030969,0.9689689689689689,0.969000000991745
13,490,9,491,10,0,2,0,1,0,1,1,1,0.9819639278557114,0.98,0.9809809809809811,0.9810189810189809,0.9809809809809811,0.9810000003679923
14,493,1,499,7,0,1,0,1,1,0,1,1,0.9979757085020243,0.986,0.9919517102615695,0.9920477137176937,0.9919517102615695,0.9920000023226643
15,488,3,497,12,0,1,1,1,1,0,1,1,0.9938900203665988,0.976,0.9848637739656912,0.9851337958374627,0.9848637739656912,0.9850000185040368
16,343,141,359,157,0,2,1,0,0,1,0,0,0.7086776859504132,0.686,0.6971544715447154,0.7066929133858267,0.6971544715447154,0.7020323926571926
17,267,226,274,233,1,2,1,0,1,1,1,0,0.5415821501014199,0.534,0.5377643504531722,0.5441906653426017,0.5377643504531722,0.5410190829480034
18,379,110,390,121,0,2,0,0,0,1,0,0,0.7750511247443763,0.758,0.7664307381193124,0.771513353115727,0.7664307381193124,0.7690083972202248
19,375,108,392,125,1,2,0,0,1,1,1,0,0.7763975155279503,0.75,0.7629704984740591,0.7708947885939036,0.7629704984740591,0.7670204616122325
20,496,0,500,4,0,1,0,0,1,0,0,0,1.0,0.992,0.9959839357429718,0.9960159362549801,0.9959839357429718,0.9960000002570322
21,444,54,446,56,1,1,0,0,0,0,1,0,0.891566265060241,0.888,0.8897795591182365,0.8902195608782435,0.8897795591182365,0.89000005438224
22,496,1,499,4,0,1,1,0,1,0,0,0,0.9979879275653923,0.992,0.9949849548645938,0.9950149551345961,0.9949849548645938,0.9950000002261327
23,415,53,447,85,1,1,1,0,0,0,1,0,0.8867521367521367,0.83,0.8574380165289255,0.8662790697674418,0.8574380165289255,0.8620226462245366
24,415,53,447,85,1,1,1,0,0,0,1,1,0.8867521367521367,0.83,0.8574380165289255,0.8662790697674418,0.8574380165289255,0.8620226462245366
25,444,54,446,56,1,1,0,0,0,0,1,1,0.891566265060241,0.888,0.8897795591182365,0.8902195608782435,0.8897795591182365,0.89000005438224
26,375,108,392,125,1,2,0,0,1,1,1,1,0.7763975155279503,0.75,0.7629704984740591,0.7708947885939036,0.7629704984740591,0.7670204616122325
27,267,226,274,233,1,2,1,0,1,1,1,1,0.5415821501014199,0.534,0.5377643504531722,0.5441906653426017,0.5377643504531722,0.5410190829480034
28,472,26,474,28,1,1,1,1,0,0,0,0,0.9477911646586346,0.944,0.9458917835671342,0.9461077844311376,0.9458917835671342,0.9460000123298591
29,488,3,497,12,0,1,1,1,1,0,1,0,0.9938900203665988,0.976,0.9848637739656912,0.9851337958374627,0.9848637739656912,0.9850000185040368
30,491,17,483,9,1,1,0,1,0,0,0,0,0.9665354330708661,0.982,0.9742063492063493,0.9737903225806452,0.9742063492063493,0.9740000444217343
31,493,1,499,7,0,1,0,1,1,0,1,0,0.9979757085020243,0.986,0.9919517102615695,0.9920477137176937,0.9919517102615695,0.9920000023226643
32,366,139,361,134,1,2,0,1,1,1,0,0,0.7247524752475247,0.732,0.7283582089552239,0.7256281407035177,0.7283582089552239,0.7270025629595348
33,490,9,491,10,0,2,0,1,0,1,1,0,0.9819639278557114,0.98,0.9809809809809811,0.9810189810189809,0.9809809809809811,0.9810000003679923
34,407,59,441,93,1,2,1,1,1,1,0,0,0.8733905579399142,0.814,0.8426501035196687,0.8529980657640233,0.8426501035196687,0.8480315319981597
35,484,15,485,16,0,2,1,1,0,1,1,0,0.969939879759519,0.968,0.9689689689689689,0.969030969030969,0.9689689689689689,0.969000000991745
36,441,42,458,59,1,1,1,1,0,0,1,0,0.9130434782608695,0.882,0.8972533062054934,0.9006882989183874,0.8972533062054934,0.8990032802461002
37,489,2,498,11,0,1,1,1,1,0,0,0,0.9959266802443992,0.978,0.9868819374369324,0.9871159563924677,0.9868819374369324,0.9870000138704244
38,460,45,455,40,1,1,0,1,0,0,1,0,0.9108910891089109,0.92,0.9154228855721394,0.9145728643216081,0.9154228855721394,0.9150001974093068
39,494,1,499,6,0,1,0,1,1,0,0,0,0.997979797979798,0.988,0.9929648241206029,0.9930348258706467,0.9929648241206029,0.9930000012336663
40,378,135,365,122,1,2,0,1,1,1,1,0,0.7368421052631579,0.756,0.7462981243830208,0.7396149949341437,0.7462981243830208,0.7430150257977717
41,437,62,438,63,0,2,0,1,0,1,0,0,0.875751503006012,0.874,0.8748748748748748,0.8751248751248751,0.8748748748748748,0.8750000178571606
42,415,59,441,85,1,2,1,1,1,1,1,0,0.8755274261603375,0.83,0.8521560574948664,0.8596491228070176,0.8521560574948664,0.8560163867035798
43,392,118,382,108,0,2,1,1,0,1,0,0,0.7686274509803922,0.784,0.7762376237623763,0.7717171717171718,0.7762376237623763,0.774006599626371
44,472,18,482,28,0,1,1,0,1,0,1,1,0.963265306122449,0.944,0.9535353535353536,0.9544554455445544,0.9535353535353536,0.9540002218251176
45,431,43,457,69,0,1,0,0,1,0,1,1,0.9092827004219409,0.862,0.8850102669404517,0.8908382066276803,0.8850102669404517,0.8880095557209287
46,497,6,494,3,0,2,0,0,0,1,1,1,0.9880715705765407,0.994,0.9910269192422732,0.9909729187562687,0.9910269192422732,0.9910000007356272
47,357,143,357,143,0,2,1,0,0,1,1,1,0.714,0.714,0.714,0.714,0.714,0.714
48,357,143,357,143,0,2,1,0,0,1,1,0,0.714,0.714,0.714,0.714,0.714,0.714
49,234,249,251,266,1,2,1,0,1,1,0,0,0.484472049689441,0.468,0.47609359104781285,0.4936086529006883,0.47609359104781285,0.4851580869757958
50,497,6,494,3,0,2,0,0,0,1,1,0,0.9880715705765407,0.994,0.9910269192422732,0.9909729187562687,0.9910269192422732,0.9910000007356272
51,279,205,295,221,1,2,0,0,1,1,0,0,0.5764462809917356,0.558,0.5670731707317073,0.5807086614173228,0.5670731707317073,0.5740809577565444
52,431,43,457,69,0,1,0,0,1,0,1,0,0.9092827004219409,0.862,0.8850102669404517,0.8908382066276803,0.8850102669404517,0.8880095557209287
53,444,56,444,56,1,1,0,0,0,0,0,0,0.888,0.888,0.888,0.888,0.888,0.888
54,472,18,482,28,0,1,1,0,1,0,1,0,0.963265306122449,0.944,0.9535353535353536,0.9544554455445544,0.9535353535353536,0.9540002218251176
55,402,75,425,98,1,1,1,0,0,0,0,0,0.8427672955974843,0.804,0.8229273285568066,0.8308895405669598,0.8229273285568066,0.8270191545596062
56,415,59,441,85,1,2,1,1,1,1,1,1,0.8755274261603375,0.83,0.8521560574948664,0.8596491228070176,0.8521560574948664,0.8560163867035798
57,378,135,365,122,1,2,0,1,1,1,1,1,0.7368421052631579,0.756,0.7462981243830208,0.7396149949341437,0.7462981243830208,0.7430150257977717
58,460,45,455,40,1,1,0,1,0,0,1,1,0.9108910891089109,0.92,0.9154228855721394,0.9145728643216081,0.9154228855721394,0.9150001974093068
59,441,42,458,59,1,1,1,1,0,0,1,1,0.9130434782608695,0.882,0.8972533062054934,0.9006882989183874,0.8972533062054934,0.8990032802461002
60,269,218,282,231,0,0,1,0,1,1,1,1,0.5523613963039015,0.538,0.5450861195542047,0.5567620927936822,0.5450861195542047,0.5510618445152441
61,398,93,407,102,0,0,0,0,1,1,1,1,0.8105906313645621,0.796,0.8032290615539859,0.8067393458870168,0.8032290615539859,0.805003826427953
62,413,42,458,87,0,0,1,1,1,1,0,0,0.9076923076923077,0.826,0.8649214659685863,0.876555023923445,0.8649214659685863,0.8710387673960551
63,399,61,439,101,1,0,1,1,0,1,1,0,0.8673913043478261,0.798,0.83125,0.8442307692307692,0.83125,0.8380501881769782
64,294,200,300,206,0,0,0,1,1,1,0,0,0.5951417004048583,0.588,0.591549295774648,0.5964214711729622,0.591549295774648,0.5940099904202611
65,439,61,439,61,1,0,0,1,0,1,1,0,0.878,0.878,0.878,0.878,0.878,0.878
66,439,61,439,61,1,0,0,1,0,1,1,1,0.878,0.878,0.878,0.878,0.878,0.878
67,399,61,439,101,1,0,1,1,0,1,1,1,0.8673913043478261,0.798,0.83125,0.8442307692307692,0.83125,0.8380501881769782
68,377,115,385,123,1,0,0,0,0,1,0,0,0.766260162601626,0.754,0.7600806451612904,0.763888888888889,0.7600806451612904,0.762004757805812
69,398,93,407,102,0,0,0,0,1,1,1,0,0.8105906313645621,0.796,0.8032290615539859,0.8067393458870168,0.8032290615539859,0.805003826427953
70,317,145,355,183,1,0,1,0,0,1,0,0,0.6861471861471862,0.634,0.6590436590436591,0.6840077071290943,0.6590436590436591,0.6722315118268876
71,269,218,282,231,0,0,1,0,1,1,1,0,0.5523613963039015,0.538,0.5450861195542047,0.5567620927936822,0.5450861195542047,0.5510618445152441
72,424,47,453,76,1,2,1,0,1,0,1,0,0.9002123142250531,0.848,0.8733264675592172,0.880466472303207,0.8733264675592172,0.8770145201806852
73,490,6,494,10,0,2,1,0,0,0,0,0,0.9879032258064516,0.98,0.9839357429718876,0.9840637450199202,0.9839357429718876,0.9840000041626682
74,441,47,453,59,1,2,0,0,1,0,1,0,0.9036885245901639,0.882,0.8927125506072875,0.8952569169960474,0.8927125506072875,0.8940018100861558
75,500,0,500,0,0,2,0,0,0,0,0,0,1.0,1.0,1.0,1.0,1.0,1.0
76,376,101,399,124,1,1,0,0,0,1,1,0,0.7882599580712788,0.752,0.7697031729785057,0.780058651026393,0.7697031729785057,0.7750345739347728
77,393,116,384,107,0,1,0,0,1,1,0,0,0.7721021611001965,0.786,0.7789890981169474,0.7749747729566094,0.7789890981169474,0.7770051845241934
78,351,135,365,149,1,1,1,0,0,1,1,0,0.7222222222222222,0.702,0.7119675456389453,0.7199211045364892,0.7119675456389453,0.7160220833450954
79,113,402,98,387,0,1,1,0,1,1,0,0,0.21941747572815534,0.226,0.22266009852216748,0.19898477157360406,0.22266009852216748,0.21166397510529913
80,453,31,469,47,0,2,1,1,0,0,1,1,0.9359504132231405,0.906,0.9207317073170732,0.9232283464566928,0.9207317073170732,0.9220016896993742
81,498,1,499,2,0,2,0,1,0,0,1,1,0.9979959919839679,0.996,0.9969969969969971,0.997002997002997,0.9969969969969971,0.9970000000090271
82,469,32,468,31,0,1,0,1,1,1,1,1,0.936127744510978,0.938,0.9370629370629371,0.936936936936937,0.9370629370629371,0.9370000042358634
83,467,41,459,33,0,1,1,1,1,1,1,1,0.9192913385826772,0.934,0.9265873015873016,0.9254032258064516,0.9265873015873016,0.926000378495066
84,467,41,459,33,0,1,1,1,1,1,1,0,0.9192913385826772,0.934,0.9265873015873016,0.9254032258064516,0.9265873015873016,0.926000378495066
85,419,67,433,81,1,1,1,1,0,1,0,0,0.8621399176954733,0.838,0.8498985801217038,0.8540433925049309,0.8498985801217038,0.8520050399361843
86,469,32,468,31,0,1,0,1,1,1,1,0,0.936127744510978,0.938,0.9370629370629371,0.936936936936937,0.9370629370629371,0.9370000042358634
87,431,78,422,69,1,1,0,1,0,1,0,0,0.8467583497053045,0.862,0.8543111992071357,0.8516649848637738,0.8543111992071357,0.8530020521345698
88,498,1,499,2,0,2,0,1,0,0,1,0,0.9979959919839679,0.996,0.9969969969969971,0.997002997002997,0.9969969969969971,0.9970000000090271
89,498,0,500,2,1,2,0,1,1,0,0,0,1.0,0.996,0.9979959919839679,0.998003992015968,0.9979959919839679,0.9980000000160322
90,453,31,469,47,0,2,1,1,0,0,1,0,0.9359504132231405,0.906,0.9207317073170732,0.9232283464566928,0.9207317073170732,0.9220016896993742
91,494,5,495,6,1,2,1,1,1,0,0,0,0.9899799599198397,0.988,0.988988988988989,0.989010989010989,0.988988988988989,0.989000000122346
92,351,135,365,149,1,1,1,0,0,1,1,1,0.7222222222222222,0.702,0.7119675456389453,0.7199211045364892,0.7119675456389453,0.7160220833450954
93,376,101,399,124,1,1,0,0,0,1,1,1,0.7882599580712788,0.752,0.7697031729785057,0.780058651026393,0.7697031729785057,0.7750345739347728
94,441,47,453,59,1,2,0,0,1,0,1,1,0.9036885245901639,0.882,0.8927125506072875,0.8952569169960474,0.8927125506072875,0.8940018100861558
95,424,47,453,76,1,2,1,0,1,0,1,1,0.9002123142250531,0.848,0.8733264675592172,0.880466472303207,0.8733264675592172,0.8770145201806852
96,465,27,473,35,0,0,0,1,1,0,1,1,0.9451219512195121,0.93,0.9375,0.9384920634920635,0.9375,0.9380002622939723
97,494,7,493,6,0,0,1,1,1,0,1,1,0.9860279441117764,0.988,0.987012987012987,0.986986986986987,0.987012987012987,0.987000000171226
98,500,0,500,0,0,0,0,0,1,0,0,0,1.0,1.0,1.0,1.0,1.0,1.0
99,430,46,454,70,1,0,0,0,0,0,1,0,0.9033613445378151,0.86,0.8811475409836066,0.88671875,0.8811475409836066,0.8840087727635191
100,500,0,500,0,0,0,1,0,1,0,0,0,1.0,1.0,1.0,1.0,1.0,1.0
101,444,45,455,56,1,0,1,0,0,0,1,0,0.9079754601226994,0.888,0.897876643073812,0.9000989119683482,0.897876643073812,0.8990013731594783
102,444,45,455,56,1,0,1,0,0,0,1,1,0.9079754601226994,0.888,0.897876643073812,0.9000989119683482,0.897876643073812,0.8990013731594783
103,430,46,454,70,1,0,0,0,0,0,1,1,0.9033613445378151,0.86,0.8811475409836066,0.88671875,0.8811475409836066,0.8840087727635191
104,475,19,481,25,1,0,1,1,0,0,0,0,0.9615384615384616,0.95,0.9557344064386318,0.9562624254473162,0.9557344064386318,0.9560000729063903
105,494,7,493,6,0,0,1,1,1,0,1,0,0.9860279441117764,0.988,0.987012987012987,0.986986986986987,0.987012987012987,0.987000000171226
106,484,13,487,16,1,0,0,1,0,0,0,0,0.9738430583501007,0.968,0.9709127382146439,0.971086739780658,0.9709127382146439,0.9710000077951267
107,465,27,473,35,0,0,0,1,1,0,1,0,0.9451219512195121,0.93,0.9375,0.9384920634920635,0.9375,0.9380002622939723
108,451,24,476,49,1,0,1,1,0,0,1,0,0.9494736842105264,0.902,0.9251282051282051,0.928780487804878,0.9251282051282051,0.927003595154199
109,495,7,493,5,0,0,1,1,1,0,0,0,0.9860557768924303,0.99,0.9880239520958083,0.9879759519038075,0.9880239520958083,0.9880000005829981
110,449,52,448,51,1,0,0,1,0,0,1,0,0.8962075848303394,0.898,0.897102897102897,0.896896896896897,0.897102897102897,0.8970000118272137
111,500,0,500,0,0,0,0,1,1,0,0,0,1.0,1.0,1.0,1.0,1.0,1.0
112,395,59,441,105,0,0,1,0,1,0,1,1,0.8700440528634361,0.79,0.8280922431865828,0.8432122370936903,0.8280922431865828,0.8360682208337532
113,436,33,467,64,0,0,0,0,1,0,1,1,0.929637526652452,0.872,0.8998968008255934,0.9059165858389913,0.8998968008255934,0.9030100229753795
114,436,33,467,64,0,0,0,0,1,0,1,0,0.929637526652452,0.872,0.8998968008255934,0.9059165858389913,0.8998968008255934,0.9030100229753795
115,416,55,445,84,1,0,0,0,0,0,0,0,0.8832271762208068,0.832,0.8568486096807415,0.8649173955296405,0.8568486096807415,0.8610188880811597
116,395,59,441,105,0,0,1,0,1,0,1,0,0.8700440528634361,0.79,0.8280922431865828,0.8432122370936903,0.8280922431865828,0.8360682208337532
117,422,78,422,78,1,0,1,0,0,0,0,0,0.844,0.844,0.844,0.844,0.844,0.844
118,449,52,448,51,1,0,0,1,0,0,1,1,0.8962075848303394,0.898,0.897102897102897,0.896896896896897,0.897102897102897,0.8970000118272137
119,451,24,476,49,1,0,1,1,0,0,1,1,0.9494736842105264,0.902,0.9251282051282051,0.928780487804878,0.9251282051282051,0.927003595154199
120,307,195,305,193,0,1,1,0,1,1,1,1,0.6115537848605578,0.614,0.6127744510978044,0.6112224448897795,0.6127744510978044,0.6120009839516481
121,492,12,488,8,0,1,0,0,1,1,1,1,0.9761904761904762,0.984,0.9800796812749003,0.9799196787148594,0.9800796812749003,0.9800000065307166
122,477,7,493,23,0,2,0,0,0,0,1,1,0.9855371900826446,0.954,0.9695121951219512,0.9704724409448819,0.9695121951219512,0.9700002375865954
123,482,8,492,18,0,2,1,0,0,0,1,1,0.9836734693877551,0.964,0.9737373737373737,0.9742574257425741,0.9737373737373737,0.9740000694114586
124,456,38,462,44,0,1,1,1,1,1,0,0,0.9230769230769231,0.912,0.9175050301810865,0.9184890656063618,0.9175050301810865,0.9180002636957675
125,395,91,409,105,1,1,1,1,0,1,1,0,0.8127572016460906,0.79,0.8012170385395538,0.8067061143984221,0.8012170385395538,0.8040093669304459
126,386,117,383,114,0,1,0,1,1,1,0,0,0.7673956262425448,0.772,0.769690927218345,0.7683049147442327,0.769690927218345,0.769000624516674
127,426,83,417,74,1,1,0,1,0,1,1,0,0.8369351669941061,0.852,0.8444003964321111,0.8415741675075681,0.8444003964321111,0.8430023686011093
128,499,1,499,1,0,2,0,1,0,0,0,0,0.998,0.998,0.998,0.998,0.998,0.998
129,398,66,434,102,1,2,0,1,1,0,1,0,0.8577586206896551,0.796,0.8257261410788382,0.8378378378378377,0.8257261410788382,0.832044021359374
130,496,1,499,4,0,2,1,1,0,0,0,0,0.9979879275653923,0.992,0.9949849548645938,0.9950149551345961,0.9949849548645938,0.9950000002261327
131,471,8,492,29,1,2,1,1,1,0,1,0,0.9832985386221295,0.942,0.9622063329928499,0.9637610186092067,0.9622063329928499,0.9630006272018297
132,471,8,492,29,1,2,1,1,1,0,1,1,0.9832985386221295,0.942,0.9622063329928499,0.9637610186092067,0.9622063329928499,0.9630006272018297
133,398,66,434,102,1,2,0,1,1,0,1,1,0.8577586206896551,0.796,0.8257261410788382,0.8378378378378377,0.8257261410788382,0.832044021359374
134,426,83,417,74,1,1,0,1,0,1,1,1,0.8369351669941061,0.852,0.8444003964321111,0.8415741675075681,0.8444003964321111,0.8430023686011093
135,395,91,409,105,1,1,1,1,0,1,1,1,0.8127572016460906,0.79,0.8012170385395538,0.8067061143984221,0.8012170385395538,0.8040093669304459
136,482,21,479,18,1,2,1,0,1,0,0,0,0.9582504970178927,0.964,0.9611166500498505,0.9608826479438315,0.9611166500498505,0.9610000142446652
137,482,8,492,18,0,2,1,0,0,0,1,0,0.9836734693877551,0.964,0.9737373737373737,0.9742574257425741,0.9737373737373737,0.9740000694114586
138,488,23,477,12,1,2,0,0,1,0,0,0,0.9549902152641878,0.976,0.9653808110781404,0.9646107178968656,0.9653808110781404,0.9650001536196242
139,477,7,493,23,0,2,0,0,0,0,1,0,0.9855371900826446,0.954,0.9695121951219512,0.9704724409448819,0.9695121951219512,0.9700002375865954
140,349,134,366,151,1,1,0,0,0,1,0,0,0.722567287784679,0.698,0.7100712105798577,0.7197640117994101,0.7100712105798577,0.7150328402950412
141,492,12,488,8,0,1,0,0,1,1,1,0,0.9761904761904762,0.984,0.9800796812749003,0.9799196787148594,0.9800796812749003,0.9800000065307166
142,326,176,324,174,1,1,1,0,0,1,0,0,0.649402390438247,0.652,0.6506986027944112,0.6492985971943888,0.6506986027944112,0.6500007538491692
143,307,195,305,193,0,1,1,0,1,1,1,0,0.6115537848605578,0.614,0.6127744510978044,0.6112224448897795,0.6127744510978044,0.6120009839516481
144,455,33,467,45,1,1,0,1,1,0,0,0,0.9323770491803278,0.91,0.9210526315789473,0.9229249011857706,0.9210526315789473,0.9220009503494316
145,468,13,487,32,0,1,0,1,0,0,1,0,0.972972972972973,0.936,0.9541284403669725,0.9558390578999019,0.9541284403669725,0.955000765747639
146,430,70,430,70,1,1,1,1,1,0,0,0,0.86,0.86,0.8599999999999999,0.8599999999999999,0.8599999999999999,0.8599999999999999
147,494,3,497,6,0,1,1,1,0,0,1,0,0.993963782696177,0.988,0.9909729187562687,0.9910269192422732,0.9909729187562687,0.9910000007356272
148,424,57,443,76,1,2,1,1,0,1,0,0,0.8814968814968815,0.848,0.8644240570846076,0.8694798822374876,0.8644240570846076,0.8670073679758716
149,462,44,456,38,0,2,1,1,1,1,1,0,0.9130434782608695,0.924,0.9184890656063618,0.9175050301810865,0.9184890656063618,0.9180002636957675
150,437,38,462,63,1,2,0,1,0,1,0,0,0.92,0.874,0.8964102564102564,0.9014634146341464,0.8964102564102564,0.8990070963428896
151,475,19,481,25,0,2,0,1,1,1,1,0,0.9615384615384616,0.95,0.9557344064386318,0.9562624254473162,0.9557344064386318,0.9560000729063903
152,432,45,455,68,1,1,0,0,1,0,1,1,0.9056603773584906,0.864,0.8843398157625383,0.8895405669599219,0.8843398157625383,0.887007619364353
153,418,44,456,82,1,1,1,0,1,0,1,1,0.9047619047619048,0.836,0.8690228690228691,0.8786127167630058,0.8690228690228691,0.87402626784381
154,349,136,364,151,1,2,1,0,0,1,1,1,0.7195876288659794,0.698,0.7086294416243655,0.7172413793103448,0.7086294416243655,0.7130259988721867
155,460,36,464,40,1,2,0,0,0,1,1,1,0.9274193548387096,0.92,0.9236947791164659,0.9243027888446215,0.9236947791164659,0.9240001000189162
156,372,121,379,128,0,2,0,0,1,1,0,0,0.7545638945233266,0.744,0.7492447129909365,0.7527308838133069,0.7492447129909365,0.7510040455364471
157,460,36,464,40,1,2,0,0,0,1,1,0,0.9274193548387096,0.92,0.9236947791164659,0.9243027888446215,0.9236947791164659,0.9240001000189162
158,295,205,295,205,0,2,1,0,1,1,0,0,0.59,0.59,0.59,0.59,0.59,0.59
159,349,136,364,151,1,2,1,0,0,1,1,0,0.7195876288659794,0.698,0.7086294416243655,0.7172413793103448,0.7086294416243655,0.7130259988721867
160,489,10,490,11,0,1,1,0,0,0,0,0,0.9799599198396793,0.978,0.978978978978979,0.979020979020979,0.978978978978979,0.97900000045046
161,418,44,456,82,1,1,1,0,1,0,1,0,0.9047619047619048,0.836,0.8690228690228691,0.8786127167630058,0.8690228690228691,0.87402626784381
162,500,0,500,0,0,1,0,0,0,0,0,0,1.0,1.0,1.0,1.0,1.0,1.0
163,432,45,455,68,1,1,0,0,1,0,1,0,0.9056603773584906,0.864,0.8843398157625383,0.8895405669599219,0.8843398157625383,0.887007619364353
164,475,19,481,25,0,2,0,1,1,1,1,1,0.9615384615384616,0.95,0.9557344064386318,0.9562624254473162,0.9557344064386318,0.9560000729063903
165,462,44,456,38,0,2,1,1,1,1,1,1,0.9130434782608695,0.924,0.9184890656063618,0.9175050301810865,0.9184890656063618,0.9180002636957675
166,494,3,497,6,0,1,1,1,0,0,1,1,0.993963782696177,0.988,0.9909729187562687,0.9910269192422732,0.9909729187562687,0.9910000007356272
167,468,13,487,32,0,1,0,1,0,0,1,1,0.972972972972973,0.936,0.9541284403669725,0.9558390578999019,0.9541284403669725,0.955000765747639
168,332,168,332,168,1,0,0,0,1,1,1,1,0.664,0.664,0.664,0.664,0.664,0.664
169,317,180,320,183,1,0,1,0,1,1,1,1,0.6378269617706237,0.634,0.6359077231695085,0.638085742771685,0.6359077231695085,0.6370018617451702
170,434,48,452,66,0,0,0,1,0,1,1,0,0.9004149377593361,0.868,0.8839103869653767,0.888015717092338,0.8839103869653767,0.8860047540278896
171,478,21,479,22,1,0,0,1,1,1,0,0,0.9579158316633266,0.956,0.9569569569569569,0.9570429570429569,0.9569569569569569,0.9570000019320812
172,431,23,477,69,0,0,1,1,0,1,1,0,0.9493392070484582,0.862,0.9035639412997905,0.9120458891013383,0.9035639412997905,0.9080197663012645
173,465,27,473,35,1,0,1,1,1,1,0,0,0.9451219512195121,0.93,0.9375,0.9384920634920635,0.9375,0.9380002622939723
174,431,23,477,69,0,0,1,1,0,1,1,1,0.9493392070484582,0.862,0.9035639412997905,0.9120458891013383,0.9035639412997905,0.9080197663012645
175,434,48,452,66,0,0,0,1,0,1,1,1,0.9004149377593361,0.868,0.8839103869653767,0.888015717092338,0.8839103869653767,0.8860047540278896
176,317,180,320,183,1,0,1,0,1,1,1,0,0.6378269617706237,0.634,0.6359077231695085,0.638085742771685,0.6359077231695085,0.6370018617451702
177,367,109,391,133,0,0,1,0,0,1,0,0,0.7710084033613446,0.734,0.7520491803278689,0.763671875,0.7520491803278689,0.7580445281072928
178,332,168,332,168,1,0,0,0,1,1,1,0,0.664,0.664,0.664,0.664,0.664,0.664
179,391,99,401,109,0,0,0,0,0,1,0,0,0.7979591836734694,0.782,0.7898989898989899,0.7940594059405942,0.7898989898989899,0.7920054631725799
180,282,205,295,218,1,0,1,0,1,1,0,0,0.5790554414784395,0.564,0.5714285714285714,0.5824284304047385,0.5714285714285714,0.5770524161390901
181,357,119,381,143,0,0,1,0,0,1,1,0,0.75,0.714,0.7315573770491803,0.744140625,0.7315573770491803,0.738053606682327
182,323,175,325,177,1,0,0,0,1,1,0,0,0.6485943775100401,0.646,0.6472945891783567,0.6487025948103793,0.6472945891783567,0.6480007648425655
183,407,76,424,93,0,0,0,0,0,1,1,0,0.8426501035196687,0.814,0.8280773143438453,0.8338249754178957,0.8280773143438453,0.8310099356379456
184,372,107,393,128,1,0,1,1,1,1,1,1,0.7766179540709812,0.744,0.7599591419816139,0.7698334965719883,0.7599591419816139,0.7650318496339239
185,364,127,373,136,1,0,0,1,1,1,1,1,0.7413441955193483,0.728,0.7346115035317861,0.7393458870168483,0.7346115035317861,0.7370076026361662
186,369,116,384,131,0,0,0,1,0,1,0,0,0.7608247422680412,0.738,0.7492385786802029,0.7566502463054188,0.7492385786802029,0.7530182338835002
187,364,127,373,136,1,0,0,1,1,1,1,0,0.7413441955193483,0.728,0.7346115035317861,0.7393458870168483,0.7346115035317861,0.7370076026361662
188,398,73,427,102,0,0,1,1,0,1,0,0,0.8450106157112527,0.796,0.819773429454171,0.8299319727891156,0.819773429454171,0.8250312452166211
189,372,107,393,128,1,0,1,1,1,1,1,0,0.7766179540709812,0.744,0.7599591419816139,0.7698334965719883,0.7599591419816139,0.7650318496339239
190,407,76,424,93,0,0,0,0,0,1,1,1,0.8426501035196687,0.814,0.8280773143438453,0.8338249754178957,0.8280773143438453,0.8310099356379456
191,357,119,381,143,0,0,1,0,0,1,1,1,0.75,0.714,0.7315573770491803,0.744140625,0.7315573770491803,0.738053606682327
192,438,49,451,62,1,2,0,1,0,1,1,1,0.8993839835728953,0.876,0.8875379939209727,0.8904244817374136,0.8875379939209727,0.8890023426332503
193,406,81,419,94,1,2,1,1,0,1,1,1,0.8336755646817249,0.812,0.822695035460993,0.8272458045409674,0.822695035460993,0.8250062745452467
194,439,46,454,61,1,1,1,1,1,0,1,1,0.9051546391752577,0.878,0.8913705583756346,0.8945812807881774,0.8913705583756346,0.8930028853356508
195,400,83,417,100,1,1,0,1,1,0,1,1,0.8281573498964804,0.8,0.8138351983723296,0.8200589970501475,0.8138351983723296,0.8170118495946675
196,424,61,439,76,0,2,0,0,1,1,1,0,0.8742268041237113,0.848,0.8609137055837565,0.8650246305418718,0.8609137055837565,0.8630048945253703
197,331,156,344,169,1,2,0,0,0,1,0,0,0.6796714579055442,0.662,0.6707193515704154,0.6791707798617966,0.6707193515704154,0.6750264498403934
198,312,198,302,188,0,2,1,0,1,1,1,0,0.611764705882353,0.624,0.6178217821782178,0.61010101010101,0.6178217821782178,0.6140242688763989
199,293,188,312,207,1,2,1,0,0,1,0,0,0.6091476091476091,0.586,0.5973496432212028,0.6123650637880275,0.5973496432212028,0.6050931328358297
200,488,8,492,12,0,1,1,0,0,0,1,0,0.9838709677419355,0.976,0.9799196787148594,0.9800796812749003,0.9799196787148594,0.9800000065307166
201,398,55,445,102,1,1,1,0,1,0,0,0,0.8785871964679912,0.796,0.8352570828961176,0.8500477554918815,0.8352570828961176,0.843064733317369
202,486,3,497,14,0,1,0,0,0,0,1,0,0.9938650306748467,0.972,0.9828109201213348,0.983184965380811,0.9828109201213348,0.9830000355780588
203,399,71,429,101,1,1,0,0,1,0,0,0,0.8489361702127659,0.798,0.8226804123711341,0.8330097087378641,0.8226804123711341,0.8280321854886789
204,486,3,497,14,0,1,0,0,0,0,1,1,0.9938650306748467,0.972,0.9828109201213348,0.983184965380811,0.9828109201213348,0.9830000355780588
205,488,8,492,12,0,1,1,0,0,0,1,1,0.9838709677419355,0.976,0.9799196787148594,0.9800796812749003,0.9799196787148594,0.9800000065307166
206,312,198,302,188,0,2,1,0,1,1,1,1,0.611764705882353,0.624,0.6178217821782178,0.61010101010101,0.6178217821782178,0.6140242688763989
207,424,61,439,76,0,2,0,0,1,1,1,1,0.8742268041237113,0.848,0.8609137055837565,0.8650246305418718,0.8609137055837565,0.8630048945253703
208,400,83,417,100,1,1,0,1,1,0,1,0,0.8281573498964804,0.8,0.8138351983723296,0.8200589970501475,0.8138351983723296,0.8170118495946675
209,498,0,500,2,0,1,0,1,0,0,0,0,1.0,0.996,0.9979959919839679,0.998003992015968,0.9979959919839679,0.9980000000160322
210,439,46,454,61,1,1,1,1,1,0,1,0,0.9051546391752577,0.878,0.8913705583756346,0.8945812807881774,0.8913705583756346,0.8930028853356508
211,499,0,500,1,0,1,1,1,0,0,0,0,1.0,0.998,0.998998998998999,0.9990009990009989,0.998998998998999,0.999000000001001
212,406,81,419,94,1,2,1,1,0,1,1,0,0.8336755646817249,0.812,0.822695035460993,0.8272458045409674,0.822695035460993,0.8250062745452467
213,455,56,444,45,0,2,1,1,1,1,0,0,0.8904109589041096,0.91,0.9000989119683482,0.897876643073812,0.9000989119683482,0.8990013731594783
214,438,49,451,62,1,2,0,1,0,1,1,0,0.8993839835728953,0.876,0.8875379939209727,0.8904244817374136,0.8875379939209727,0.8890023426332503
215,411,92,408,89,0,2,0,1,1,1,0,0,0.8170974155069582,0.822,0.8195413758723828,0.818455366098295,0.8195413758723828,0.8190003600142292
216,468,29,471,32,1,0,0,1,1,0,0,0,0.9416498993963782,0.936,0.9388164493480442,0.9391824526420738,0.9388164493480442,0.9390000356648577
217,467,23,477,33,0,0,0,1,0,0,1,0,0.9530612244897959,0.934,0.9434343434343435,0.9445544554455445,0.9434343434343435,0.9440003322366136
218,443,38,462,57,1,0,1,1,1,0,0,0,0.920997920997921,0.886,0.9031600407747197,0.9067713444553483,0.9031600407747197,0.9050036013277035
219,468,39,461,32,0,0,1,1,0,0,1,0,0.9230769230769231,0.936,0.929493545183714,0.9284994964753273,0.929493545183714,0.9290002659000043
220,434,51,449,66,1,0,0,0,1,0,1,1,0.8948453608247423,0.868,0.8812182741116752,0.8847290640394088,0.8812182741116752,0.8830034889220403
221,420,35,465,80,1,0,1,0,1,0,1,1,0.9230769230769231,0.84,0.8795811518324608,0.8899521531100477,0.8795811518324608,0.8850303219952608
222,489,5,495,11,0,0,1,0,0,0,0,0,0.9898785425101214,0.978,0.9839034205231387,0.9840954274353876,0.9839034205231387,0.9840000093661907
223,420,35,465,80,1,0,1,0,1,0,1,0,0.9230769230769231,0.84,0.8795811518324608,0.8899521531100477,0.8795811518324608,0.8850303219952608
224,500,0,500,0,0,0,0,0,0,0,0,0,1.0,1.0,1.0,1.0,1.0,1.0
225,434,51,449,66,1,0,0,0,1,0,1,0,0.8948453608247423,0.868,0.8812182741116752,0.8847290640394088,0.8812182741116752,0.8830034889220403
226,468,39,461,32,0,0,1,1,0,0,1,1,0.9230769230769231,0.936,0.929493545183714,0.9284994964753273,0.929493545183714,0.9290002659000043
227,467,23,477,33,0,0,0,1,0,0,1,1,0.9530612244897959,0.934,0.9434343434343435,0.9445544554455445,0.9434343434343435,0.9440003322366136
228,358,144,356,142,1,1,0,0,1,1,1,1,0.7131474103585658,0.716,0.714570858283433,0.7134268537074148,0.714570858283433,0.7140004582427292
229,322,151,349,178,1,1,1,0,1,1,1,1,0.6807610993657506,0.644,0.6618705035971223,0.6796494644595911,0.6618705035971223,0.6711176829428773
230,473,22,478,27,1,2,1,0,0,0,1,1,0.9555555555555556,0.946,0.9507537688442211,0.9512437810945273,0.9507537688442211,0.9510000631193487
231,478,25,475,22,1,2,0,0,0,0,1,1,0.9502982107355865,0.956,0.9531405782652045,0.9528585757271815,0.9531405782652045,0.9530000208616777
232,484,12,488,16,0,1,0,1,0,1,1,0,0.9758064516129032,0.968,0.9718875502008033,0.9721115537848605,0.9718875502008033,0.9720000129055564
233,351,152,348,149,1,1,0,1,1,1,0,0,0.6978131212723658,0.702,0.6999002991026919,0.6980942828485457,0.6999002991026919,0.6990011665469797
234,480,19,481,20,0,1,1,1,0,1,1,0,0.9619238476953907,0.96,0.9609609609609608,0.961038961038961,0.9609609609609608,0.9610000015827278
235,453,41,459,47,1,1,1,1,1,1,0,0,0.917004048582996,0.906,0.9114688128772637,0.9125248508946322,0.9114688128772637,0.9120003056952156
236,500,0,500,0,0,2,1,1,1,0,1,0,1.0,1.0,1.0,1.0,1.0,1.0
237,499,0,500,1,1,2,1,1,0,0,0,0,1.0,0.998,0.998998998998999,0.9990009990009989,0.998998998998999,0.999000000001001
238,500,0,500,0,0,2,0,1,1,0,1,0,1.0,1.0,1.0,1.0,1.0,1.0
239,499,0,500,1,1,2,0,1,0,0,0,0,1.0,0.998,0.998998998998999,0.9990009990009989,0.998998998998999,0.999000000001001
240,500,0,500,0,0,2,0,1,1,0,1,1,1.0,1.0,1.0,1.0,1.0,1.0
241,500,0,500,0,0,2,1,1,1,0,1,1,1.0,1.0,1.0,1.0,1.0,1.0
242,480,19,481,20,0,1,1,1,0,1,1,1,0.9619238476953907,0.96,0.9609609609609608,0.961038961038961,0.9609609609609608,0.9610000015827278
243,484,12,488,16,0,1,0,1,0,1,1,1,0.9758064516129032,0.968,0.9718875502008033,0.9721115537848605,0.9718875502008033,0.9720000129055564
244,478,25,475,22,1,2,0,0,0,0,1,0,0.9502982107355865,0.956,0.9531405782652045,0.9528585757271815,0.9531405782652045,0.9530000208616777
245,500,0,500,0,0,2,0,0,1,0,0,0,1.0,1.0,1.0,1.0,1.0,1.0
246,473,22,478,27,1,2,1,0,0,0,1,0,0.9555555555555556,0.946,0.9507537688442211,0.9512437810945273,0.9507537688442211,0.9510000631193487
247,500,0,500,0,0,2,1,0,1,0,0,0,1.0,1.0,1.0,1.0,1.0,1.0
248,322,151,349,178,1,1,1,0,1,1,1,0,0.6807610993657506,0.644,0.6618705035971223,0.6796494644595911,0.6618705035971223,0.6711176829428773
249,240,219,281,260,0,1,1,0,0,1,0,0,0.5228758169934641,0.48,0.5005213764337852,0.5398655139289147,0.5005213764337852,0.521741535044402
250,358,144,356,142,1,1,0,0,1,1,1,0,0.7131474103585658,0.716,0.714570858283433,0.7134268537074148,0.714570858283433,0.7140004582427292
251,409,105,395,91,0,1,0,0,0,1,0,0,0.7957198443579766,0.818,0.8067061143984221,0.8012170385395538,0.8067061143984221,0.8040093669304459
252,499,0,500,1,1,2,0,0,0,0,0,0,1.0,0.998,0.998998998998999,0.9990009990009989,0.998998998998999,0.999000000001001
253,477,11,489,23,0,2,0,0,1,0,1,0,0.9774590163934426,0.954,0.9655870445344129,0.966403162055336,0.9655870445344129,0.9660001723477994
254,488,4,496,12,1,2,1,0,0,0,0,0,0.991869918699187,0.976,0.9838709677419355,0.9841269841269842,0.9838709677419355,0.9840000166514723
255,490,7,493,10,0,2,1,0,1,0,1,0,0.9859154929577465,0.98,0.9829488465396189,0.9830508474576272,0.9829488465396189,0.9830000026460055
256,276,196,304,224,1,1,1,0,1,1,0,0,0.5847457627118644,0.552,0.5679012345679012,0.5914396887159533,0.5679012345679012,0.5802386312248113
257,363,98,402,137,0,1,1,0,0,1,1,0,0.7874186550976139,0.726,0.7554630593132153,0.7738209817131857,0.7554630593132153,0.7651099675547683
258,287,204,296,213,1,1,0,0,1,1,0,0,0.5845213849287169,0.574,0.5792129162462158,0.5867195242814668,0.5792129162462158,0.5830241614922437
259,436,71,429,64,0,1,0,0,0,1,1,0,0.8599605522682445,0.872,0.8659384309831182,0.86404833836858,0.8659384309831182,0.8650010324494339
260,466,11,489,34,1,2,0,1,0,0,1,1,0.9769392033542977,0.932,0.9539406345957011,0.9560117302052786,0.9539406345957011,0.9550011222952649
261,473,5,495,27,1,2,1,1,0,0,1,1,0.9895397489539749,0.946,0.9672801635991821,0.9686888454011742,0.9672801635991821,0.968000512247928
262,344,144,356,156,1,1,1,1,1,1,1,1,0.7049180327868853,0.688,0.6963562753036437,0.7035573122529644,0.6963562753036437,0.7000185169521553
263,349,153,347,151,1,1,0,1,1,1,1,1,0.6952191235059761,0.698,0.6966067864271457,0.6953907815631263,0.6966067864271457,0.6960005311285613
264,371,122,378,129,0,1,0,1,0,1,0,0,0.7525354969574036,0.742,0.7472306143001007,0.7507447864945384,0.7472306143001007,0.7490041217627141
265,349,153,347,151,1,1,0,1,1,1,1,0,0.6952191235059761,0.698,0.6966067864271457,0.6953907815631263,0.6966067864271457,0.6960005311285613
266,468,34,466,32,0,1,1,1,0,1,0,0,0.9322709163346613,0.936,0.9341317365269461,0.9338677354709418,0.9341317365269461,0.9340000186553209
267,344,144,356,156,1,1,1,1,1,1,1,0,0.7049180327868853,0.688,0.6963562753036437,0.7035573122529644,0.6963562753036437,0.7000185169521553
268,488,15,485,12,0,2,1,1,1,0,0,0,0.9701789264413518,0.976,0.9730807577268196,0.9729187562688063,0.9730807577268196,0.9730000067431234
269,473,5,495,27,1,2,1,1,0,0,1,0,0.9895397489539749,0.946,0.9672801635991821,0.9686888454011742,0.9672801635991821,0.968000512247928
270,500,0,500,0,0,2,0,1,1,0,0,0,1.0,1.0,1.0,1.0,1.0,1.0
271,466,11,489,34,1,2,0,1,0,0,1,0,0.9769392033542977,0.932,0.9539406345957011,0.9560117302052786,0.9539406345957011,0.9550011222952649
272,436,71,429,64,0,1,0,0,0,1,1,1,0.8599605522682445,0.872,0.8659384309831182,0.86404833836858,0.8659384309831182,0.8650010324494339
273,363,98,402,137,0,1,1,0,0,1,1,1,0.7874186550976139,0.726,0.7554630593132153,0.7738209817131857,0.7554630593132153,0.7651099675547683
274,490,7,493,10,0,2,1,0,1,0,1,1,0.9859154929577465,0.98,0.9829488465396189,0.9830508474576272,0.9829488465396189,0.9830000026460055
275,477,11,489,23,0,2,0,0,1,0,1,1,0.9774590163934426,0.954,0.9655870445344129,0.966403162055336,0.9655870445344129,0.9660001723477994
276,446,49,451,54,1,0,1,1,1,0,1,1,0.901010101010101,0.892,0.8964824120603015,0.8975124378109453,0.8964824120603015,0.8970002956874369
277,399,92,408,101,1,0,0,1,1,0,1,1,0.8126272912423625,0.798,0.805247225025227,0.8087215064420218,0.805247225025227,0.8070037390500748
278,431,39,461,69,0,0,1,0,0,0,1,0,0.9170212765957447,0.862,0.888659793814433,0.8951456310679612,0.888659793814433,0.8920117792111556
279,484,8,492,16,1,0,1,0,1,0,0,0,0.983739837398374,0.968,0.9758064516129032,0.976190476190476,0.9758064516129032,0.9760000377729091
280,449,34,466,51,0,0,0,0,0,0,1,0,0.9296066252587992,0.898,0.91353001017294,0.9164208456243855,0.91353001017294,0.9150022826542227
281,491,6,494,9,1,0,0,0,1,0,0,0,0.9879275653923542,0.982,0.9849548645937813,0.9850448654037887,0.9849548645937813,0.9850000020558561
282,449,34,466,51,0,0,0,0,0,0,1,1,0.9296066252587992,0.898,0.91353001017294,0.9164208456243855,0.91353001017294,0.9150022826542227
283,431,39,461,69,0,0,1,0,0,0,1,1,0.9170212765957447,0.862,0.888659793814433,0.8951456310679612,0.888659793814433,0.8920117792111556
284,399,92,408,101,1,0,0,1,1,0,1,0,0.8126272912423625,0.798,0.805247225025227,0.8087215064420218,0.805247225025227,0.8070037390500748
285,500,0,500,0,0,0,0,1,0,0,0,0,1.0,1.0,1.0,1.0,1.0,1.0
286,446,49,451,54,1,0,1,1,1,0,1,0,0.901010101010101,0.892,0.8964824120603015,0.8975124378109453,0.8964824120603015,0.8970002956874369
287,500,0,500,0,0,0,1,1,0,0,0,0,1.0,1.0,1.0,1.0,1.0,1.0
